DATO;PRISOMRÅDE;FORBRUKSGRUPPE;ANTALL_NORGESPRIS;ANTALL
2025-10-01;NO1;Husholdning;355823;1116721
2025-10-01;NO1;Hytter og fritidseiendommer;55506;110760
2025-10-01;NO2;Husholdning;280722;630414
2025-10-01;NO2;Hytter og fritidseiendommer;61613;106471
2025-10-01;NO3;Husholdning;418;408102
2025-10-01;NO3;Hytter og fritidseiendommer;506;62990
2025-10-01;NO4;Husholdning;0;245265
2025-10-01;NO4;Hytter og fritidseiendommer;0;44506
2025-10-01;NO5;Husholdning;60337;258525
2025-10-01;NO5;Hytter og fritidseiendommer;21539;49110
2025-10-02;NO1;Husholdning;370169;1116762
2025-10-02;NO1;Hytter og fritidseiendommer;57142;110768
2025-10-02;NO2;Husholdning;290103;630430
2025-10-02;NO2;Hytter og fritidseiendommer;63116;106474
2025-10-02;NO3;Husholdning;455;408123
2025-10-02;NO3;Hytter og fritidseiendommer;538;62991
2025-10-02;NO4;Husholdning;0;245259
2025-10-02;NO4;Hytter og fritidseiendommer;0;44504
2025-10-02;NO5;Husholdning;63433;258527
2025-10-02;NO5;Hytter og fritidseiendommer;22316;49113
2025-10-03;NO1;Husholdning;377772;1116790
2025-10-03;NO1;Hytter og fritidseiendommer;58146;110777
2025-10-03;NO2;Husholdning;295080;630453
2025-10-03;NO2;Hytter og fritidseiendommer;63896;106483
2025-10-03;NO3;Husholdning;485;408132
2025-10-03;NO3;Hytter og fritidseiendommer;558;62995
2025-10-03;NO4;Husholdning;0;245259
2025-10-03;NO4;Hytter og fritidseiendommer;0;44506
2025-10-03;NO5;Husholdning;64871;258545
2025-10-03;NO5;Hytter og fritidseiendommer;22707;49120
2025-10-04;NO1;Husholdning;382097;1116789
2025-10-04;NO1;Hytter og fritidseiendommer;58744;110777
2025-10-04;NO2;Husholdning;297503;630457
2025-10-04;NO2;Hytter og fritidseiendommer;64372;106482
2025-10-04;NO3;Husholdning;491;408132
2025-10-04;NO3;Hytter og fritidseiendommer;567;62993
2025-10-04;NO4;Husholdning;0;245260
2025-10-04;NO4;Hytter og fritidseiendommer;0;44506
2025-10-04;NO5;Husholdning;65602;258545
2025-10-04;NO5;Hytter og fritidseiendommer;22943;49119
2025-10-05;NO1;Husholdning;387377;1116790
2025-10-05;NO1;Hytter og fritidseiendommer;59348;110777
2025-10-05;NO2;Husholdning;300632;630457
2025-10-05;NO2;Hytter og fritidseiendommer;64932;106483
2025-10-05;NO3;Husholdning;496;408133
2025-10-05;NO3;Hytter og fritidseiendommer;574;62992
2025-10-05;NO4;Husholdning;0;245259
2025-10-05;NO4;Hytter og fritidseiendommer;0;44506
2025-10-05;NO5;Husholdning;66510;258545
2025-10-05;NO5;Hytter og fritidseiendommer;23231;49119
2025-10-06;NO1;Husholdning;393584;1116813
2025-10-06;NO1;Hytter og fritidseiendommer;60083;110783
2025-10-06;NO2;Husholdning;305048;630481
2025-10-06;NO2;Hytter og fritidseiendommer;65689;106479
2025-10-06;NO3;Husholdning;508;408133
2025-10-06;NO3;Hytter og fritidseiendommer;584;62991
2025-10-06;NO4;Husholdning;0;245267
2025-10-06;NO4;Hytter og fritidseiendommer;0;44507
2025-10-06;NO5;Husholdning;67992;258562
2025-10-06;NO5;Hytter og fritidseiendommer;23591;49120
2025-10-07;NO1;Husholdning;399071;1116845
2025-10-07;NO1;Hytter og fritidseiendommer;60690;110790
2025-10-07;NO2;Husholdning;309043;630507
2025-10-07;NO2;Hytter og fritidseiendommer;66288;106475
2025-10-07;NO3;Husholdning;519;408134
2025-10-07;NO3;Hytter og fritidseiendommer;589;62998
2025-10-07;NO4;Husholdning;0;245272
2025-10-07;NO4;Hytter og fritidseiendommer;0;44506
2025-10-07;NO5;Husholdning;69424;258599
2025-10-07;NO5;Hytter og fritidseiendommer;23896;49126
2025-10-08;NO1;Husholdning;404158;1116850
2025-10-08;NO1;Hytter og fritidseiendommer;61203;110795
2025-10-08;NO2;Husholdning;312359;630513
2025-10-08;NO2;Hytter og fritidseiendommer;66775;106478
2025-10-08;NO3;Husholdning;522;408152
2025-10-08;NO3;Hytter og fritidseiendommer;594;63000
2025-10-08;NO4;Husholdning;0;245281
2025-10-08;NO4;Hytter og fritidseiendommer;0;44505
2025-10-08;NO5;Husholdning;70517;258591
2025-10-08;NO5;Hytter og fritidseiendommer;24155;49125
2025-10-09;NO1;Husholdning;408472;1116869
2025-10-09;NO1;Hytter og fritidseiendommer;61679;110798
2025-10-09;NO2;Husholdning;315247;630516
2025-10-09;NO2;Hytter og fritidseiendommer;67221;106480
2025-10-09;NO3;Husholdning;535;408175
2025-10-09;NO3;Hytter og fritidseiendommer;598;63003
2025-10-09;NO4;Husholdning;0;245278
2025-10-09;NO4;Hytter og fritidseiendommer;0;44505
2025-10-09;NO5;Husholdning;71439;258597
2025-10-09;NO5;Hytter og fritidseiendommer;24385;49131
2025-10-10;NO1;Husholdning;411933;1116895
2025-10-10;NO1;Hytter og fritidseiendommer;62047;110803
2025-10-10;NO2;Husholdning;318039;630543
2025-10-10;NO2;Hytter og fritidseiendommer;67646;106478
2025-10-10;NO3;Husholdning;543;408180
2025-10-10;NO3;Hytter og fritidseiendommer;602;63003
2025-10-10;NO4;Husholdning;0;245279
2025-10-10;NO4;Hytter og fritidseiendommer;0;44508
2025-10-10;NO5;Husholdning;72340;258601
2025-10-10;NO5;Hytter og fritidseiendommer;24588;49130
2025-10-11;NO1;Husholdning;413998;1116895
2025-10-11;NO1;Hytter og fritidseiendommer;62262;110802
2025-10-11;NO2;Husholdning;319986;630542
2025-10-11;NO2;Hytter og fritidseiendommer;67897;106478
2025-10-11;NO3;Husholdning;545;408179
2025-10-11;NO3;Hytter og fritidseiendommer;608;63002
2025-10-11;NO4;Husholdning;0;245278
2025-10-11;NO4;Hytter og fritidseiendommer;0;44508
2025-10-11;NO5;Husholdning;72953;258599
2025-10-11;NO5;Hytter og fritidseiendommer;24739;49130
2025-10-12;NO1;Husholdning;416897;1116901
2025-10-12;NO1;Hytter og fritidseiendommer;62601;110803
2025-10-12;NO2;Husholdning;322491;630539
2025-10-12;NO2;Hytter og fritidseiendommer;68254;106478
2025-10-12;NO3;Husholdning;548;408179
2025-10-12;NO3;Hytter og fritidseiendommer;614;63002
2025-10-12;NO4;Husholdning;0;245277
2025-10-12;NO4;Hytter og fritidseiendommer;0;44508
2025-10-12;NO5;Husholdning;73704;258601
2025-10-12;NO5;Hytter og fritidseiendommer;24920;49129
2025-10-13;NO1;Husholdning;422813;1116929
2025-10-13;NO1;Hytter og fritidseiendommer;63175;110805
2025-10-13;NO2;Husholdning;326356;630543
2025-10-13;NO2;Hytter og fritidseiendommer;68783;106474
2025-10-13;NO3;Husholdning;549;408200
2025-10-13;NO3;Hytter og fritidseiendommer;621;63004
2025-10-13;NO4;Husholdning;0;245286
2025-10-13;NO4;Hytter og fritidseiendommer;0;44511
2025-10-13;NO5;Husholdning;74799;258616
2025-10-13;NO5;Hytter og fritidseiendommer;25154;49133
2025-10-14;NO1;Husholdning;428919;1116925
2025-10-14;NO1;Hytter og fritidseiendommer;63690;110814
2025-10-14;NO2;Husholdning;330240;630547
2025-10-14;NO2;Hytter og fritidseiendommer;69245;106478
2025-10-14;NO3;Husholdning;556;408171
2025-10-14;NO3;Hytter og fritidseiendommer;629;63003
2025-10-14;NO4;Husholdning;0;245306
2025-10-14;NO4;Hytter og fritidseiendommer;0;44511
2025-10-14;NO5;Husholdning;75661;258619
2025-10-14;NO5;Hytter og fritidseiendommer;25358;49135
2025-10-15;NO1;Husholdning;434969;1116966
2025-10-15;NO1;Hytter og fritidseiendommer;64236;110818
2025-10-15;NO2;Husholdning;334178;630566
2025-10-15;NO2;Hytter og fritidseiendommer;69727;106473
2025-10-15;NO3;Husholdning;563;408207
2025-10-15;NO3;Hytter og fritidseiendommer;631;63002
2025-10-15;NO4;Husholdning;0;245328
2025-10-15;NO4;Hytter og fritidseiendommer;0;44514
2025-10-15;NO5;Husholdning;76768;258629
2025-10-15;NO5;Hytter og fritidseiendommer;25584;49137
2025-10-16;NO1;Husholdning;438927;1117012
2025-10-16;NO1;Hytter og fritidseiendommer;64636;110818
2025-10-16;NO2;Husholdning;336731;630574
2025-10-16;NO2;Hytter og fritidseiendommer;70085;106472
2025-10-16;NO3;Husholdning;573;408253
2025-10-16;NO3;Hytter og fritidseiendommer;642;63004
2025-10-16;NO4;Husholdning;0;245336
2025-10-16;NO4;Hytter og fritidseiendommer;0;44517
2025-10-16;NO5;Husholdning;77537;258628
2025-10-16;NO5;Hytter og fritidseiendommer;25746;49140
2025-10-17;NO1;Husholdning;442180;1117063
2025-10-17;NO1;Hytter og fritidseiendommer;64965;110819
2025-10-17;NO2;Husholdning;338772;630595
2025-10-17;NO2;Hytter og fritidseiendommer;70347;106474
2025-10-17;NO3;Husholdning;577;408273
2025-10-17;NO3;Hytter og fritidseiendommer;651;63012
2025-10-17;NO4;Husholdning;0;245341
2025-10-17;NO4;Hytter og fritidseiendommer;0;44522
2025-10-17;NO5;Husholdning;78235;258641
2025-10-17;NO5;Hytter og fritidseiendommer;25878;49137
2025-10-18;NO1;Husholdning;446006;1117062
2025-10-18;NO1;Hytter og fritidseiendommer;65347;110820
2025-10-18;NO2;Husholdning;341082;630588
2025-10-18;NO2;Hytter og fritidseiendommer;70642;106473
2025-10-18;NO3;Husholdning;579;408274
2025-10-18;NO3;Hytter og fritidseiendommer;661;63012
2025-10-18;NO4;Husholdning;0;245339
2025-10-18;NO4;Hytter og fritidseiendommer;0;44523
2025-10-18;NO5;Husholdning;79154;258641
2025-10-18;NO5;Hytter og fritidseiendommer;26049;49142
2025-10-19;NO1;Husholdning;450465;1117069
2025-10-19;NO1;Hytter og fritidseiendommer;65808;110820
2025-10-19;NO2;Husholdning;343613;630587
2025-10-19;NO2;Hytter og fritidseiendommer;71029;106473
2025-10-19;NO3;Husholdning;597;408275
2025-10-19;NO3;Hytter og fritidseiendommer;679;63012
2025-10-19;NO4;Husholdning;0;245336
2025-10-19;NO4;Hytter og fritidseiendommer;0;44524
2025-10-19;NO5;Husholdning;80180;258641
2025-10-19;NO5;Hytter og fritidseiendommer;26257;49142
2025-10-20;NO1;Husholdning;454725;1117117
2025-10-20;NO1;Hytter og fritidseiendommer;66225;110824
2025-10-20;NO2;Husholdning;346150;630611
2025-10-20;NO2;Hytter og fritidseiendommer;71377;106474
2025-10-20;NO3;Husholdning;613;408282
2025-10-20;NO3;Hytter og fritidseiendommer;699;63013
2025-10-20;NO4;Husholdning;0;245331
2025-10-20;NO4;Hytter og fritidseiendommer;0;44526
2025-10-20;NO5;Husholdning;81170;258648
2025-10-20;NO5;Hytter og fritidseiendommer;26446;49143
2025-10-21;NO1;Husholdning;458142;1117179
2025-10-21;NO1;Hytter og fritidseiendommer;66585;110825
2025-10-21;NO2;Husholdning;348144;630667
2025-10-21;NO2;Hytter og fritidseiendommer;71688;106474
2025-10-21;NO3;Husholdning;623;408289
2025-10-21;NO3;Hytter og fritidseiendommer;717;63013
2025-10-21;NO4;Husholdning;0;245330
2025-10-21;NO4;Hytter og fritidseiendommer;0;44529
2025-10-21;NO5;Husholdning;81985;258705
2025-10-21;NO5;Hytter og fritidseiendommer;26627;49148
2025-10-22;NO1;Husholdning;460989;1117244
2025-10-22;NO1;Hytter og fritidseiendommer;66846;110823
2025-10-22;NO2;Husholdning;349869;630691
2025-10-22;NO2;Hytter og fritidseiendommer;71948;106480
2025-10-22;NO3;Husholdning;651;408302
2025-10-22;NO3;Hytter og fritidseiendommer;747;63014
2025-10-22;NO4;Husholdning;0;245337
2025-10-22;NO4;Hytter og fritidseiendommer;0;44528
2025-10-22;NO5;Husholdning;82668;258712
2025-10-22;NO5;Hytter og fritidseiendommer;26797;49150
2025-10-23;NO1;Husholdning;463244;1117255
2025-10-23;NO1;Hytter og fritidseiendommer;67050;110820
2025-10-23;NO2;Husholdning;351249;630721
2025-10-23;NO2;Hytter og fritidseiendommer;72149;106481
2025-10-23;NO3;Husholdning;679;408316
2025-10-23;NO3;Hytter og fritidseiendommer;784;63018
2025-10-23;NO4;Husholdning;0;245343
2025-10-23;NO4;Hytter og fritidseiendommer;0;44531
2025-10-23;NO5;Husholdning;83182;258737
2025-10-23;NO5;Hytter og fritidseiendommer;26891;49158
2025-10-24;NO1;Husholdning;464939;1117297
2025-10-24;NO1;Hytter og fritidseiendommer;67224;110824
2025-10-24;NO2;Husholdning;352333;630755
2025-10-24;NO2;Hytter og fritidseiendommer;72285;106483
2025-10-24;NO3;Husholdning;693;408353
2025-10-24;NO3;Hytter og fritidseiendommer;793;63021
2025-10-24;NO4;Husholdning;0;245347
2025-10-24;NO4;Hytter og fritidseiendommer;0;44534
2025-10-24;NO5;Husholdning;83618;258738
2025-10-24;NO5;Hytter og fritidseiendommer;27008;49166
2025-10-25;NO1;Husholdning;466121;1117301
2025-10-25;NO1;Hytter og fritidseiendommer;67353;110822
2025-10-25;NO2;Husholdning;353048;630752
2025-10-25;NO2;Hytter og fritidseiendommer;72402;106484
2025-10-25;NO3;Husholdning;699;408351
2025-10-25;NO3;Hytter og fritidseiendommer;796;63021
2025-10-25;NO4;Husholdning;0;245347
2025-10-25;NO4;Hytter og fritidseiendommer;0;44534
2025-10-25;NO5;Husholdning;83906;258739
2025-10-25;NO5;Hytter og fritidseiendommer;27068;49166
2025-10-26;NO1;Husholdning;467697;1117302
2025-10-26;NO1;Hytter og fritidseiendommer;67509;110822
2025-10-26;NO2;Husholdning;353949;630750
2025-10-26;NO2;Hytter og fritidseiendommer;72541;106484
2025-10-26;NO3;Husholdning;703;408351
2025-10-26;NO3;Hytter og fritidseiendommer;802;63021
2025-10-26;NO4;Husholdning;0;245347
2025-10-26;NO4;Hytter og fritidseiendommer;0;44534
2025-10-26;NO5;Husholdning;84372;258739
2025-10-26;NO5;Hytter og fritidseiendommer;27169;49166
2025-10-27;NO1;Husholdning;469888;1117344
2025-10-27;NO1;Hytter og fritidseiendommer;67705;110826
2025-10-27;NO2;Husholdning;355137;630787
2025-10-27;NO2;Hytter og fritidseiendommer;72722;106487
2025-10-27;NO3;Husholdning;714;408361
2025-10-27;NO3;Hytter og fritidseiendommer;808;63022
2025-10-27;NO4;Husholdning;0;245354
2025-10-27;NO4;Hytter og fritidseiendommer;0;44538
2025-10-27;NO5;Husholdning;84918;258768
2025-10-27;NO5;Hytter og fritidseiendommer;27279;49169
2025-10-28;NO1;Husholdning;471743;1117385
2025-10-28;NO1;Hytter og fritidseiendommer;67866;110822
2025-10-28;NO2;Husholdning;356509;630830
2025-10-28;NO2;Hytter og fritidseiendommer;72871;106488
2025-10-28;NO3;Husholdning;737;408363
2025-10-28;NO3;Hytter og fritidseiendommer;826;63022
2025-10-28;NO4;Husholdning;0;245354
2025-10-28;NO4;Hytter og fritidseiendommer;0;44538
2025-10-28;NO5;Husholdning;85437;258790
2025-10-28;NO5;Hytter og fritidseiendommer;27390;49170
2025-10-29;NO1;Husholdning;473564;1117412
2025-10-29;NO1;Hytter og fritidseiendommer;68058;110824
2025-10-29;NO2;Husholdning;357753;630866
2025-10-29;NO2;Hytter og fritidseiendommer;73065;106491
2025-10-29;NO3;Husholdning;755;408357
2025-10-29;NO3;Hytter og fritidseiendommer;850;63024
2025-10-29;NO4;Husholdning;0;245356
2025-10-29;NO4;Hytter og fritidseiendommer;0;44540
2025-10-29;NO5;Husholdning;85904;258796
2025-10-29;NO5;Hytter og fritidseiendommer;27481;49178
2025-10-30;NO1;Husholdning;476057;1117501
2025-10-30;NO1;Hytter og fritidseiendommer;68282;110834
2025-10-30;NO2;Husholdning;359179;630887
2025-10-30;NO2;Hytter og fritidseiendommer;73239;106487
2025-10-30;NO3;Husholdning;772;408376
2025-10-30;NO3;Hytter og fritidseiendommer;865;63028
2025-10-30;NO4;Husholdning;0;245355
2025-10-30;NO4;Hytter og fritidseiendommer;0;44542
2025-10-30;NO5;Husholdning;86571;258804
2025-10-30;NO5;Hytter og fritidseiendommer;27597;49182
2025-10-31;NO1;Husholdning;479062;1117482
2025-10-31;NO1;Hytter og fritidseiendommer;68550;110838
2025-10-31;NO2;Husholdning;360923;630903
2025-10-31;NO2;Hytter og fritidseiendommer;73459;106490
2025-10-31;NO3;Husholdning;785;408392
2025-10-31;NO3;Hytter og fritidseiendommer;883;63030
2025-10-31;NO4;Husholdning;0;245354
2025-10-31;NO4;Hytter og fritidseiendommer;0;44541
2025-10-31;NO5;Husholdning;87254;258813
2025-10-31;NO5;Hytter og fritidseiendommer;27751;49188
2025-11-01;NO1;Husholdning;481051;1117525
2025-11-01;NO1;Hytter og fritidseiendommer;68740;110796
2025-11-01;NO2;Husholdning;362132;630926
2025-11-01;NO2;Hytter og fritidseiendommer;73630;106491
2025-11-01;NO3;Husholdning;790;408437
2025-11-01;NO3;Hytter og fritidseiendommer;890;63027
2025-11-01;NO4;Husholdning;0;245300
2025-11-01;NO4;Hytter og fritidseiendommer;0;44596
2025-11-01;NO5;Husholdning;87753;258839
2025-11-01;NO5;Hytter og fritidseiendommer;27852;49200
2025-11-02;NO1;Husholdning;483024;1117528
2025-11-02;NO1;Hytter og fritidseiendommer;68941;110797
2025-11-02;NO2;Husholdning;363472;630926
2025-11-02;NO2;Hytter og fritidseiendommer;73762;106491
2025-11-02;NO3;Husholdning;794;408434
2025-11-02;NO3;Hytter og fritidseiendommer;894;63027
2025-11-02;NO4;Husholdning;0;245298
2025-11-02;NO4;Hytter og fritidseiendommer;0;44596
2025-11-02;NO5;Husholdning;88336;258841
2025-11-02;NO5;Hytter og fritidseiendommer;27980;49200
2025-11-03;NO1;Husholdning;485461;1117540
2025-11-03;NO1;Hytter og fritidseiendommer;69147;110800
2025-11-03;NO2;Husholdning;364954;630973
2025-11-03;NO2;Hytter og fritidseiendommer;73917;106491
2025-11-03;NO3;Husholdning;797;408439
2025-11-03;NO3;Hytter og fritidseiendommer;897;63028
2025-11-03;NO4;Husholdning;0;245309
2025-11-03;NO4;Hytter og fritidseiendommer;0;44597
2025-11-03;NO5;Husholdning;88980;258867
2025-11-03;NO5;Hytter og fritidseiendommer;28107;49206
2025-11-04;NO1;Husholdning;487840;1117596
2025-11-04;NO1;Hytter og fritidseiendommer;69359;110801
2025-11-04;NO2;Husholdning;366414;630998
2025-11-04;NO2;Hytter og fritidseiendommer;74108;106492
2025-11-04;NO3;Husholdning;800;408447
2025-11-04;NO3;Hytter og fritidseiendommer;904;63031
2025-11-04;NO4;Husholdning;0;245309
2025-11-04;NO4;Hytter og fritidseiendommer;0;44601
2025-11-04;NO5;Husholdning;89544;258869
2025-11-04;NO5;Hytter og fritidseiendommer;28208;49216
2025-11-05;NO1;Husholdning;489793;1117629
2025-11-05;NO1;Hytter og fritidseiendommer;69520;110806
2025-11-05;NO2;Husholdning;367579;631011
2025-11-05;NO2;Hytter og fritidseiendommer;74247;106499
2025-11-05;NO3;Husholdning;806;408464
2025-11-05;NO3;Hytter og fritidseiendommer;907;63031
2025-11-05;NO4;Husholdning;0;245306
2025-11-05;NO4;Hytter og fritidseiendommer;0;44600
2025-11-05;NO5;Husholdning;90111;258878
2025-11-05;NO5;Hytter og fritidseiendommer;28316;49218
2025-11-06;NO1;Husholdning;491895;1117632
2025-11-06;NO1;Hytter og fritidseiendommer;69693;110808
2025-11-06;NO2;Husholdning;368893;631028
2025-11-06;NO2;Hytter og fritidseiendommer;74442;106503
2025-11-06;NO3;Husholdning;817;408509
2025-11-06;NO3;Hytter og fritidseiendommer;921;63032
2025-11-06;NO4;Husholdning;0;245305
2025-11-06;NO4;Hytter og fritidseiendommer;0;44600
2025-11-06;NO5;Husholdning;90825;258885
2025-11-06;NO5;Hytter og fritidseiendommer;28413;49220
2025-11-07;NO1;Husholdning;493716;1117640
2025-11-07;NO1;Hytter og fritidseiendommer;69854;110814
2025-11-07;NO2;Husholdning;369980;631053
2025-11-07;NO2;Hytter og fritidseiendommer;74574;106504
2025-11-07;NO3;Husholdning;831;408529
2025-11-07;NO3;Hytter og fritidseiendommer;932;63034
2025-11-07;NO4;Husholdning;0;245315
2025-11-07;NO4;Hytter og fritidseiendommer;0;44604
2025-11-07;NO5;Husholdning;91324;258890
2025-11-07;NO5;Hytter og fritidseiendommer;28477;49221
2025-11-08;NO1;Husholdning;495073;1117638
2025-11-08;NO1;Hytter og fritidseiendommer;69987;110814
2025-11-08;NO2;Husholdning;370876;631053
2025-11-08;NO2;Hytter og fritidseiendommer;74686;106504
2025-11-08;NO3;Husholdning;836;408529
2025-11-08;NO3;Hytter og fritidseiendommer;937;63034
2025-11-08;NO4;Husholdning;0;245317
2025-11-08;NO4;Hytter og fritidseiendommer;0;44602
2025-11-08;NO5;Husholdning;91728;258895
2025-11-08;NO5;Hytter og fritidseiendommer;28540;49219
2025-11-09;NO1;Husholdning;496912;1117638
2025-11-09;NO1;Hytter og fritidseiendommer;70123;110813
2025-11-09;NO2;Husholdning;372079;631051
2025-11-09;NO2;Hytter og fritidseiendommer;74807;106504
2025-11-09;NO3;Husholdning;851;408530
2025-11-09;NO3;Hytter og fritidseiendommer;946;63034
2025-11-09;NO4;Husholdning;0;245316
2025-11-09;NO4;Hytter og fritidseiendommer;0;44602
2025-11-09;NO5;Husholdning;92346;258893
2025-11-09;NO5;Hytter og fritidseiendommer;28636;49219
2025-11-10;NO1;Husholdning;500361;1117636
2025-11-10;NO1;Hytter og fritidseiendommer;70432;110818
2025-11-10;NO2;Husholdning;374099;631047
2025-11-10;NO2;Hytter og fritidseiendommer;75064;106504
2025-11-10;NO3;Husholdning;869;408532
2025-11-10;NO3;Hytter og fritidseiendommer;965;63034
2025-11-10;NO4;Husholdning;0;245324
2025-11-10;NO4;Hytter og fritidseiendommer;0;44605
2025-11-10;NO5;Husholdning;93356;258901
2025-11-10;NO5;Hytter og fritidseiendommer;28818;49220
2025-11-11;NO1;Husholdning;503487;1117647
2025-11-11;NO1;Hytter og fritidseiendommer;70677;110837
2025-11-11;NO2;Husholdning;375713;631072
2025-11-11;NO2;Hytter og fritidseiendommer;75257;106505
2025-11-11;NO3;Husholdning;889;408550
2025-11-11;NO3;Hytter og fritidseiendommer;977;63033
2025-11-11;NO4;Husholdning;0;245343
2025-11-11;NO4;Hytter og fritidseiendommer;0;44607
2025-11-11;NO5;Husholdning;94214;258904
2025-11-11;NO5;Hytter og fritidseiendommer;28982;49229
2025-11-12;NO1;Husholdning;505633;1117677
2025-11-12;NO1;Hytter og fritidseiendommer;70857;110843
2025-11-12;NO2;Husholdning;376851;631071
2025-11-12;NO2;Hytter og fritidseiendommer;75397;106503
2025-11-12;NO3;Husholdning;896;408568
2025-11-12;NO3;Hytter og fritidseiendommer;983;63037
2025-11-12;NO4;Husholdning;0;245347
2025-11-12;NO4;Hytter og fritidseiendommer;0;44608
2025-11-12;NO5;Husholdning;94877;258924
2025-11-12;NO5;Hytter og fritidseiendommer;29070;49229
2025-11-13;NO1;Husholdning;507763;1117690
2025-11-13;NO1;Hytter og fritidseiendommer;71025;110850
2025-11-13;NO2;Husholdning;378060;631084
2025-11-13;NO2;Hytter og fritidseiendommer;75550;106503
2025-11-13;NO3;Husholdning;902;408620
2025-11-13;NO3;Hytter og fritidseiendommer;989;63040
2025-11-13;NO4;Husholdning;0;245355
2025-11-13;NO4;Hytter og fritidseiendommer;0;44612
2025-11-13;NO5;Husholdning;95491;258927
2025-11-13;NO5;Hytter og fritidseiendommer;29178;49232
2025-11-14;NO1;Husholdning;509362;1117711
2025-11-14;NO1;Hytter og fritidseiendommer;71146;110852
2025-11-14;NO2;Husholdning;379115;631109
2025-11-14;NO2;Hytter og fritidseiendommer;75669;106510
2025-11-14;NO3;Husholdning;913;408636
2025-11-14;NO3;Hytter og fritidseiendommer;996;63039
2025-11-14;NO4;Husholdning;0;245359
2025-11-14;NO4;Hytter og fritidseiendommer;0;44612
2025-11-14;NO5;Husholdning;96041;258934
2025-11-14;NO5;Hytter og fritidseiendommer;29281;49233
2025-11-15;NO1;Husholdning;511053;1117718
2025-11-15;NO1;Hytter og fritidseiendommer;71279;110854
2025-11-15;NO2;Husholdning;380026;631105
2025-11-15;NO2;Hytter og fritidseiendommer;75779;106511
2025-11-15;NO3;Husholdning;922;408640
2025-11-15;NO3;Hytter og fritidseiendommer;999;63037
2025-11-15;NO4;Husholdning;0;245357
2025-11-15;NO4;Hytter og fritidseiendommer;0;44613
2025-11-15;NO5;Husholdning;96552;258933
2025-11-15;NO5;Hytter og fritidseiendommer;29364;49235
2025-11-16;NO1;Husholdning;513398;1117719
2025-11-16;NO1;Hytter og fritidseiendommer;71459;110854
2025-11-16;NO2;Husholdning;381224;631105
2025-11-16;NO2;Hytter og fritidseiendommer;75935;106511
2025-11-16;NO3;Husholdning;960;408643
2025-11-16;NO3;Hytter og fritidseiendommer;1023;63037
2025-11-16;NO4;Husholdning;0;245355
2025-11-16;NO4;Hytter og fritidseiendommer;0;44611
2025-11-16;NO5;Husholdning;97293;258934
2025-11-16;NO5;Hytter og fritidseiendommer;29483;49234
2025-11-17;NO1;Husholdning;516221;1117761
2025-11-17;NO1;Hytter og fritidseiendommer;71698;110858
2025-11-17;NO2;Husholdning;382659;631142
2025-11-17;NO2;Hytter og fritidseiendommer;76087;106512
2025-11-17;NO3;Husholdning;1207;408661
2025-11-17;NO3;Hytter og fritidseiendommer;1172;63039
2025-11-17;NO4;Husholdning;0;245356
2025-11-17;NO4;Hytter og fritidseiendommer;0;44610
2025-11-17;NO5;Husholdning;98243;258938
2025-11-17;NO5;Hytter og fritidseiendommer;29636;49236
2025-11-18;NO1;Husholdning;520440;1117788
2025-11-18;NO1;Hytter og fritidseiendommer;72021;110863
2025-11-18;NO2;Husholdning;384586;631159
2025-11-18;NO2;Hytter og fritidseiendommer;76299;106518
2025-11-18;NO3;Husholdning;1898;408690
2025-11-18;NO3;Hytter og fritidseiendommer;1549;63037
2025-11-18;NO4;Husholdning;0;245363
2025-11-18;NO4;Hytter og fritidseiendommer;0;44611
2025-11-18;NO5;Husholdning;99755;258940
2025-11-18;NO5;Hytter og fritidseiendommer;29814;49238
2025-11-19;NO1;Husholdning;524106;1117841
2025-11-19;NO1;Hytter og fritidseiendommer;72316;110872
2025-11-19;NO2;Husholdning;386482;631212
2025-11-19;NO2;Hytter og fritidseiendommer;76482;106531
2025-11-19;NO3;Husholdning;2581;408708
2025-11-19;NO3;Hytter og fritidseiendommer;1891;63033
2025-11-19;NO4;Husholdning;0;245364
2025-11-19;NO4;Hytter og fritidseiendommer;0;44612
2025-11-19;NO5;Husholdning;101150;258961
2025-11-19;NO5;Hytter og fritidseiendommer;30020;49237
2025-11-20;NO1;Husholdning;528250;1117935
2025-11-20;NO1;Hytter og fritidseiendommer;72625;110878
2025-11-20;NO2;Husholdning;388619;631255
2025-11-20;NO2;Hytter og fritidseiendommer;76682;106537
2025-11-20;NO3;Husholdning;3092;408728
2025-11-20;NO3;Hytter og fritidseiendommer;2223;63034
2025-11-20;NO4;Husholdning;0;245378
2025-11-20;NO4;Hytter og fritidseiendommer;0;44611
2025-11-20;NO5;Husholdning;102424;258965
2025-11-20;NO5;Hytter og fritidseiendommer;30237;49238
2025-11-21;NO1;Husholdning;531170;1117977
2025-11-21;NO1;Hytter og fritidseiendommer;72841;110884
2025-11-21;NO2;Husholdning;390373;631319
2025-11-21;NO2;Hytter og fritidseiendommer;76836;106543
2025-11-21;NO3;Husholdning;3294;408745
2025-11-21;NO3;Hytter og fritidseiendommer;2340;63028
2025-11-21;NO4;Husholdning;0;245383
2025-11-21;NO4;Hytter og fritidseiendommer;0;44614
2025-11-21;NO5;Husholdning;103304;258967
2025-11-21;NO5;Hytter og fritidseiendommer;30368;49244
2025-11-22;NO1;Husholdning;533132;1117986
2025-11-22;NO1;Hytter og fritidseiendommer;72999;110884
2025-11-22;NO2;Husholdning;391507;631325
2025-11-22;NO2;Hytter og fritidseiendommer;76968;106545
2025-11-22;NO3;Husholdning;3421;408741
2025-11-22;NO3;Hytter og fritidseiendommer;2398;63029
2025-11-22;NO4;Husholdning;0;245381
2025-11-22;NO4;Hytter og fritidseiendommer;0;44615
2025-11-22;NO5;Husholdning;103963;258963
2025-11-22;NO5;Hytter og fritidseiendommer;30457;49242
2025-11-23;NO1;Husholdning;535157;1118002
2025-11-23;NO1;Hytter og fritidseiendommer;73179;110885
2025-11-23;NO2;Husholdning;392705;631326
2025-11-23;NO2;Hytter og fritidseiendommer;77110;106547
2025-11-23;NO3;Husholdning;3571;408753
2025-11-23;NO3;Hytter og fritidseiendommer;2473;63028
2025-11-23;NO4;Husholdning;0;245375
2025-11-23;NO4;Hytter og fritidseiendommer;0;44615
2025-11-23;NO5;Husholdning;104529;258967
2025-11-23;NO5;Hytter og fritidseiendommer;30546;49241
2025-11-24;NO1;Husholdning;537606;1118048
2025-11-24;NO1;Hytter og fritidseiendommer;73375;110891
2025-11-24;NO2;Husholdning;394273;631373
2025-11-24;NO2;Hytter og fritidseiendommer;77269;106549
2025-11-24;NO3;Husholdning;3686;408778
2025-11-24;NO3;Hytter og fritidseiendommer;2537;63025
2025-11-24;NO4;Husholdning;0;245378
2025-11-24;NO4;Hytter og fritidseiendommer;0;44615
2025-11-24;NO5;Husholdning;105216;258969
2025-11-24;NO5;Hytter og fritidseiendommer;30637;49245
2025-11-25;NO1;Husholdning;540274;1118076
2025-11-25;NO1;Hytter og fritidseiendommer;73587;110893
2025-11-25;NO2;Husholdning;396533;631403
2025-11-25;NO2;Hytter og fritidseiendommer;77458;106548
2025-11-25;NO3;Husholdning;3748;408800
2025-11-25;NO3;Hytter og fritidseiendommer;2576;63022
2025-11-25;NO4;Husholdning;0;245380
2025-11-25;NO4;Hytter og fritidseiendommer;0;44618
2025-11-25;NO5;Husholdning;106190;258972
2025-11-25;NO5;Hytter og fritidseiendommer;30776;49246
2025-11-26;NO1;Husholdning;543229;1118139
2025-11-26;NO1;Hytter og fritidseiendommer;73790;110897
2025-11-26;NO2;Husholdning;398426;631418
2025-11-26;NO2;Hytter og fritidseiendommer;77632;106554
2025-11-26;NO3;Husholdning;3811;408808
2025-11-26;NO3;Hytter og fritidseiendommer;2617;63026
2025-11-26;NO4;Husholdning;0;245385
2025-11-26;NO4;Hytter og fritidseiendommer;0;44622
2025-11-26;NO5;Husholdning;107067;258997
2025-11-26;NO5;Hytter og fritidseiendommer;30906;49248
2025-11-27;NO1;Husholdning;545299;1118177
2025-11-27;NO1;Hytter og fritidseiendommer;73950;110903
2025-11-27;NO2;Husholdning;399708;631456
2025-11-27;NO2;Hytter og fritidseiendommer;77774;106559
2025-11-27;NO3;Husholdning;3861;408821
2025-11-27;NO3;Hytter og fritidseiendommer;2662;63028
2025-11-27;NO4;Husholdning;0;245386
2025-11-27;NO4;Hytter og fritidseiendommer;0;44626
2025-11-27;NO5;Husholdning;107652;259000
2025-11-27;NO5;Hytter og fritidseiendommer;30988;49249
2025-11-28;NO1;Husholdning;546481;1118241
2025-11-28;NO1;Hytter og fritidseiendommer;74042;110907
2025-11-28;NO2;Husholdning;400683;631502
2025-11-28;NO2;Hytter og fritidseiendommer;77876;106565
2025-11-28;NO3;Husholdning;3875;408814
2025-11-28;NO3;Hytter og fritidseiendommer;2682;63044
2025-11-28;NO4;Husholdning;0;245390
2025-11-28;NO4;Hytter og fritidseiendommer;0;44626
2025-11-28;NO5;Husholdning;108021;259003
2025-11-28;NO5;Hytter og fritidseiendommer;31027;49250
2025-11-29;NO1;Husholdning;547611;1118249
2025-11-29;NO1;Hytter og fritidseiendommer;74125;110904
2025-11-29;NO2;Husholdning;401423;631510
2025-11-29;NO2;Hytter og fritidseiendommer;77945;106564
2025-11-29;NO3;Husholdning;3927;408819
2025-11-29;NO3;Hytter og fritidseiendommer;2707;63043
2025-11-29;NO4;Husholdning;0;245391
2025-11-29;NO4;Hytter og fritidseiendommer;0;44626
2025-11-29;NO5;Husholdning;108363;259003
2025-11-29;NO5;Hytter og fritidseiendommer;31081;49250
2025-11-30;NO1;Husholdning;549307;1118254
2025-11-30;NO1;Hytter og fritidseiendommer;74273;110904
2025-11-30;NO2;Husholdning;402355;631505
2025-11-30;NO2;Hytter og fritidseiendommer;78036;106566
2025-11-30;NO3;Husholdning;4049;408824
2025-11-30;NO3;Hytter og fritidseiendommer;2760;63034
2025-11-30;NO4;Husholdning;0;245383
2025-11-30;NO4;Hytter og fritidseiendommer;0;44628
2025-11-30;NO5;Husholdning;108835;259000
2025-11-30;NO5;Hytter og fritidseiendommer;31171;49253
2025-12-01;NO1;Husholdning;551174;1118329
2025-12-01;NO1;Hytter og fritidseiendommer;74425;110910
2025-12-01;NO2;Husholdning;403529;631537
2025-12-01;NO2;Hytter og fritidseiendommer;78151;106573
2025-12-01;NO3;Husholdning;4150;408844
2025-12-01;NO3;Hytter og fritidseiendommer;2802;63042
2025-12-01;NO4;Husholdning;0;245391
2025-12-01;NO4;Hytter og fritidseiendommer;0;44630
2025-12-01;NO5;Husholdning;109403;259024
2025-12-01;NO5;Hytter og fritidseiendommer;31257;49261
2025-12-02;NO1;Husholdning;552747;1118378
2025-12-02;NO1;Hytter og fritidseiendommer;74538;110910
2025-12-02;NO2;Husholdning;404513;631563
2025-12-02;NO2;Hytter og fritidseiendommer;78216;106576
2025-12-02;NO3;Husholdning;4249;408886
2025-12-02;NO3;Hytter og fritidseiendommer;2850;63043
2025-12-02;NO4;Husholdning;0;245391
2025-12-02;NO4;Hytter og fritidseiendommer;0;44631
2025-12-02;NO5;Husholdning;109886;259044
2025-12-02;NO5;Hytter og fritidseiendommer;31342;49262
2025-12-03;NO1;Husholdning;554480;1118400
2025-12-03;NO1;Hytter og fritidseiendommer;74660;110914
2025-12-03;NO2;Husholdning;405376;631597
2025-12-03;NO2;Hytter og fritidseiendommer;78292;106580
2025-12-03;NO3;Husholdning;4427;408861
2025-12-03;NO3;Hytter og fritidseiendommer;2922;63049
2025-12-03;NO4;Husholdning;0;245393
2025-12-03;NO4;Hytter og fritidseiendommer;0;44633
2025-12-03;NO5;Husholdning;110339;259052
2025-12-03;NO5;Hytter og fritidseiendommer;31408;49267
2025-12-04;NO1;Husholdning;556598;1118441
2025-12-04;NO1;Hytter og fritidseiendommer;74779;110915
2025-12-04;NO2;Husholdning;406195;631603
2025-12-04;NO2;Hytter og fritidseiendommer;78375;106580
2025-12-04;NO3;Husholdning;4683;408875
2025-12-04;NO3;Hytter og fritidseiendommer;3043;63045
2025-12-04;NO4;Husholdning;0;245401
2025-12-04;NO4;Hytter og fritidseiendommer;0;44634
2025-12-04;NO5;Husholdning;110714;259068
2025-12-04;NO5;Hytter og fritidseiendommer;31462;49266
2025-12-05;NO1;Husholdning;558387;1118486
2025-12-05;NO1;Hytter og fritidseiendommer;74899;110920
2025-12-05;NO2;Husholdning;407252;631652
2025-12-05;NO2;Hytter og fritidseiendommer;78460;106585
2025-12-05;NO3;Husholdning;4882;408879
2025-12-05;NO3;Hytter og fritidseiendommer;3131;63049
2025-12-05;NO4;Husholdning;0;245404
2025-12-05;NO4;Hytter og fritidseiendommer;0;44634
2025-12-05;NO5;Husholdning;111209;259074
2025-12-05;NO5;Hytter og fritidseiendommer;31528;49266
2025-12-06;NO1;Husholdning;559492;1118497
2025-12-06;NO1;Hytter og fritidseiendommer;74957;110919
2025-12-06;NO2;Husholdning;407862;631652
2025-12-06;NO2;Hytter og fritidseiendommer;78504;106589
2025-12-06;NO3;Husholdning;4940;408887
2025-12-06;NO3;Hytter og fritidseiendommer;3160;63044
2025-12-06;NO4;Husholdning;0;245396
2025-12-06;NO4;Hytter og fritidseiendommer;0;44634
2025-12-06;NO5;Husholdning;111522;259075
2025-12-06;NO5;Hytter og fritidseiendommer;31587;49265
2025-12-07;NO1;Husholdning;560626;1118510
2025-12-07;NO1;Hytter og fritidseiendommer;75051;110916
2025-12-07;NO2;Husholdning;408585;631664
2025-12-07;NO2;Hytter og fritidseiendommer;78555;106586
2025-12-07;NO3;Husholdning;5021;408898
2025-12-07;NO3;Hytter og fritidseiendommer;3192;63041
2025-12-07;NO4;Husholdning;0;245283
2025-12-07;NO4;Hytter og fritidseiendommer;0;44635
2025-12-07;NO5;Husholdning;111879;259082
2025-12-07;NO5;Hytter og fritidseiendommer;31635;49264
2025-12-08;NO1;Husholdning;562478;1118519
2025-12-08;NO1;Hytter og fritidseiendommer;75196;110919
2025-12-08;NO2;Husholdning;409530;631696
2025-12-08;NO2;Hytter og fritidseiendommer;78647;106590
2025-12-08;NO3;Husholdning;5136;408909
2025-12-08;NO3;Hytter og fritidseiendommer;3247;63040
2025-12-08;NO4;Husholdning;0;245277
2025-12-08;NO4;Hytter og fritidseiendommer;0;44637
2025-12-08;NO5;Husholdning;112349;259085
2025-12-08;NO5;Hytter og fritidseiendommer;31719;49264
2025-12-09;NO1;Husholdning;564228;1118535
2025-12-09;NO1;Hytter og fritidseiendommer;75313;110925
2025-12-09;NO2;Husholdning;410525;631718
2025-12-09;NO2;Hytter og fritidseiendommer;78765;106592
2025-12-09;NO3;Husholdning;5268;408911
2025-12-09;NO3;Hytter og fritidseiendommer;3316;63040
2025-12-09;NO4;Husholdning;0;245293
2025-12-09;NO4;Hytter og fritidseiendommer;0;44641
2025-12-09;NO5;Husholdning;112939;259091
2025-12-09;NO5;Hytter og fritidseiendommer;31805;49265
2025-12-10;NO1;Husholdning;565567;1118569
2025-12-10;NO1;Hytter og fritidseiendommer;75392;110927
2025-12-10;NO2;Husholdning;411369;631686
2025-12-10;NO2;Hytter og fritidseiendommer;78836;106586
2025-12-10;NO3;Husholdning;5350;408909
2025-12-10;NO3;Hytter og fritidseiendommer;3345;63042
2025-12-10;NO4;Husholdning;0;245197
2025-12-10;NO4;Hytter og fritidseiendommer;0;44629
2025-12-10;NO5;Husholdning;113399;259058
2025-12-10;NO5;Hytter og fritidseiendommer;31858;49269
2025-12-11;NO1;Husholdning;567105;1118539
2025-12-11;NO1;Hytter og fritidseiendommer;75504;110932
2025-12-11;NO2;Husholdning;412250;631781
2025-12-11;NO2;Hytter og fritidseiendommer;78933;106594
2025-12-11;NO3;Husholdning;5421;408922
2025-12-11;NO3;Hytter og fritidseiendommer;3386;63044
2025-12-11;NO4;Husholdning;0;245269
2025-12-11;NO4;Hytter og fritidseiendommer;0;44640
2025-12-11;NO5;Husholdning;113922;259097
2025-12-11;NO5;Hytter og fritidseiendommer;31927;49272
2025-12-12;NO1;Husholdning;568142;1118569
2025-12-12;NO1;Hytter og fritidseiendommer;75578;110939
2025-12-12;NO2;Husholdning;413005;631801
2025-12-12;NO2;Hytter og fritidseiendommer;79024;106596
2025-12-12;NO3;Husholdning;5477;408942
2025-12-12;NO3;Hytter og fritidseiendommer;3409;63043
2025-12-12;NO4;Husholdning;0;245265
2025-12-12;NO4;Hytter og fritidseiendommer;0;44641
2025-12-12;NO5;Husholdning;114223;259099
2025-12-12;NO5;Hytter og fritidseiendommer;31968;49276
2025-12-13;NO1;Husholdning;568856;1118587
2025-12-13;NO1;Hytter og fritidseiendommer;75626;110937
2025-12-13;NO2;Husholdning;413412;631800
2025-12-13;NO2;Hytter og fritidseiendommer;79079;106597
2025-12-13;NO3;Husholdning;5512;408944
2025-12-13;NO3;Hytter og fritidseiendommer;3418;63043
2025-12-13;NO4;Husholdning;0;245242
2025-12-13;NO4;Hytter og fritidseiendommer;0;44643
2025-12-13;NO5;Husholdning;114404;259101
2025-12-13;NO5;Hytter og fritidseiendommer;32006;49277
2025-12-14;NO1;Husholdning;569732;1118581
2025-12-14;NO1;Hytter og fritidseiendommer;75689;110936
2025-12-14;NO2;Husholdning;413860;631766
2025-12-14;NO2;Hytter og fritidseiendommer;79136;106599
2025-12-14;NO3;Husholdning;5532;407768
2025-12-14;NO3;Hytter og fritidseiendommer;3426;62917
2025-12-14;NO4;Husholdning;0;245245
2025-12-14;NO4;Hytter og fritidseiendommer;0;44643
2025-12-14;NO5;Husholdning;115116;259097
2025-12-14;NO5;Hytter og fritidseiendommer;32091;49275
2025-12-15;NO1;Husholdning;571076;1118615
2025-12-15;NO1;Hytter og fritidseiendommer;75795;110937
2025-12-15;NO2;Husholdning;414635;631787
2025-12-15;NO2;Hytter og fritidseiendommer;79219;106602
2025-12-15;NO3;Husholdning;5593;408951
2025-12-15;NO3;Hytter og fritidseiendommer;3456;63043
2025-12-15;NO4;Husholdning;0;245261
2025-12-15;NO4;Hytter og fritidseiendommer;0;44643
2025-12-15;NO5;Husholdning;115840;259119
2025-12-15;NO5;Hytter og fritidseiendommer;32187;49275
2025-12-16;NO1;Husholdning;572136;1118697
2025-12-16;NO1;Hytter og fritidseiendommer;75863;110935
2025-12-16;NO2;Husholdning;415304;631862
2025-12-16;NO2;Hytter og fritidseiendommer;79294;106599
2025-12-16;NO3;Husholdning;5627;408947
2025-12-16;NO3;Hytter og fritidseiendommer;3467;63006
2025-12-16;NO4;Husholdning;0;245277
2025-12-16;NO4;Hytter og fritidseiendommer;0;44632
2025-12-16;NO5;Husholdning;116432;259151
2025-12-16;NO5;Hytter og fritidseiendommer;32246;49282
2025-12-17;NO1;Husholdning;572971;1118663
2025-12-17;NO1;Hytter og fritidseiendommer;75958;110946
2025-12-17;NO2;Husholdning;415794;631822
2025-12-17;NO2;Hytter og fritidseiendommer;79382;106613
2025-12-17;NO3;Husholdning;5655;408976
2025-12-17;NO3;Hytter og fritidseiendommer;3482;63047
2025-12-17;NO4;Husholdning;0;245268
2025-12-17;NO4;Hytter og fritidseiendommer;0;44644
2025-12-17;NO5;Husholdning;116820;259142
2025-12-17;NO5;Hytter og fritidseiendommer;32294;49275
2025-12-18;NO1;Husholdning;573740;1118701
2025-12-18;NO1;Hytter og fritidseiendommer;76009;110949
2025-12-18;NO2;Husholdning;416281;631850
2025-12-18;NO2;Hytter og fritidseiendommer;79443;106615
2025-12-18;NO3;Husholdning;5672;409006
2025-12-18;NO3;Hytter og fritidseiendommer;3491;63050
2025-12-18;NO4;Husholdning;0;245273
2025-12-18;NO4;Hytter og fritidseiendommer;0;44647
2025-12-18;NO5;Husholdning;117166;259145
2025-12-18;NO5;Hytter og fritidseiendommer;32329;49279
2025-12-19;NO1;Husholdning;574328;1118755
2025-12-19;NO1;Hytter og fritidseiendommer;76065;110955
2025-12-19;NO2;Husholdning;416693;631877
2025-12-19;NO2;Hytter og fritidseiendommer;79494;106620
2025-12-19;NO3;Husholdning;5679;409012
2025-12-19;NO3;Hytter og fritidseiendommer;3499;63047
2025-12-19;NO4;Husholdning;0;245275
2025-12-19;NO4;Hytter og fritidseiendommer;0;44650
2025-12-19;NO5;Husholdning;117394;259148
2025-12-19;NO5;Hytter og fritidseiendommer;32371;49286
2025-12-20;NO1;Husholdning;574793;1118754
2025-12-20;NO1;Hytter og fritidseiendommer;76108;110956
2025-12-20;NO2;Husholdning;416962;631878
2025-12-20;NO2;Hytter og fritidseiendommer;79527;106619
2025-12-20;NO3;Husholdning;5686;409007
2025-12-20;NO3;Hytter og fritidseiendommer;3505;63047
2025-12-20;NO4;Husholdning;0;245277
2025-12-20;NO4;Hytter og fritidseiendommer;0;44650
2025-12-20;NO5;Husholdning;117563;259148
2025-12-20;NO5;Hytter og fritidseiendommer;32389;49286
2025-12-21;NO1;Husholdning;575414;1118755
2025-12-21;NO1;Hytter og fritidseiendommer;76161;110956
2025-12-21;NO2;Husholdning;417332;631876
2025-12-21;NO2;Hytter og fritidseiendommer;79576;106619
2025-12-21;NO3;Husholdning;5717;409006
2025-12-21;NO3;Hytter og fritidseiendommer;3521;63047
2025-12-21;NO4;Husholdning;0;245277
2025-12-21;NO4;Hytter og fritidseiendommer;0;44650
2025-12-21;NO5;Husholdning;117787;259148
2025-12-21;NO5;Hytter og fritidseiendommer;32433;49286
2025-12-22;NO1;Husholdning;576102;1118786
2025-12-22;NO1;Hytter og fritidseiendommer;76228;110957
2025-12-22;NO2;Husholdning;417725;631895
2025-12-22;NO2;Hytter og fritidseiendommer;79622;106623
2025-12-22;NO3;Husholdning;5748;409014
2025-12-22;NO3;Hytter og fritidseiendommer;3545;63047
2025-12-22;NO4;Husholdning;0;245275
2025-12-22;NO4;Hytter og fritidseiendommer;0;44649
2025-12-22;NO5;Husholdning;118078;259151
2025-12-22;NO5;Hytter og fritidseiendommer;32469;49287
2025-12-23;NO1;Husholdning;576631;1118799
2025-12-23;NO1;Hytter og fritidseiendommer;76279;110957
2025-12-23;NO2;Husholdning;418080;631907
2025-12-23;NO2;Hytter og fritidseiendommer;79654;106623
2025-12-23;NO3;Husholdning;5764;409015
2025-12-23;NO3;Hytter og fritidseiendommer;3547;63048
2025-12-23;NO4;Husholdning;0;245305
2025-12-23;NO4;Hytter og fritidseiendommer;0;44649
2025-12-23;NO5;Husholdning;118260;259155
2025-12-23;NO5;Hytter og fritidseiendommer;32506;49287
2025-12-24;NO1;Husholdning;577024;1118803
2025-12-24;NO1;Hytter og fritidseiendommer;76314;110957
2025-12-24;NO2;Husholdning;418320;631908
2025-12-24;NO2;Hytter og fritidseiendommer;79684;106623
2025-12-24;NO3;Husholdning;5773;409014
2025-12-24;NO3;Hytter og fritidseiendommer;3550;63048
2025-12-24;NO4;Husholdning;0;245304
2025-12-24;NO4;Hytter og fritidseiendommer;0;44650
2025-12-24;NO5;Husholdning;118377;259157
2025-12-24;NO5;Hytter og fritidseiendommer;32525;49288
2025-12-25;NO1;Husholdning;577594;1118806
2025-12-25;NO1;Hytter og fritidseiendommer;76363;110956
2025-12-25;NO2;Husholdning;418625;631907
2025-12-25;NO2;Hytter og fritidseiendommer;79714;106622
2025-12-25;NO3;Husholdning;5777;409014
2025-12-25;NO3;Hytter og fritidseiendommer;3554;63049
2025-12-25;NO4;Husholdning;0;245305
2025-12-25;NO4;Hytter og fritidseiendommer;0;44650
2025-12-25;NO5;Husholdning;118557;259160
2025-12-25;NO5;Hytter og fritidseiendommer;32554;49288
2025-12-26;NO1;Husholdning;578156;1118810
2025-12-26;NO1;Hytter og fritidseiendommer;76417;110957
2025-12-26;NO2;Husholdning;418971;631935
2025-12-26;NO2;Hytter og fritidseiendommer;79748;106622
2025-12-26;NO3;Husholdning;5788;409021
2025-12-26;NO3;Hytter og fritidseiendommer;3560;63043
2025-12-26;NO4;Husholdning;0;245303
2025-12-26;NO4;Hytter og fritidseiendommer;0;44650
2025-12-26;NO5;Husholdning;118805;259162
2025-12-26;NO5;Hytter og fritidseiendommer;32583;49288
2025-12-27;NO1;Husholdning;578639;1118810
2025-12-27;NO1;Hytter og fritidseiendommer;76463;110957
2025-12-27;NO2;Husholdning;419254;631935
2025-12-27;NO2;Hytter og fritidseiendommer;79794;106622
2025-12-27;NO3;Husholdning;5798;409022
2025-12-27;NO3;Hytter og fritidseiendommer;3568;63042
2025-12-27;NO4;Husholdning;0;245302
2025-12-27;NO4;Hytter og fritidseiendommer;0;44650
2025-12-27;NO5;Husholdning;118979;259162
2025-12-27;NO5;Hytter og fritidseiendommer;32617;49288
2025-12-28;NO1;Husholdning;579223;1118810
2025-12-28;NO1;Hytter og fritidseiendommer;76500;110957
2025-12-28;NO2;Husholdning;419605;631935
2025-12-28;NO2;Hytter og fritidseiendommer;79835;106623
2025-12-28;NO3;Husholdning;5811;409021
2025-12-28;NO3;Hytter og fritidseiendommer;3574;63042
2025-12-28;NO4;Husholdning;0;245302
2025-12-28;NO4;Hytter og fritidseiendommer;0;44649
2025-12-28;NO5;Husholdning;119187;259162
2025-12-28;NO5;Hytter og fritidseiendommer;32667;49288
2025-12-29;NO1;Husholdning;580137;1118816
2025-12-29;NO1;Hytter og fritidseiendommer;76581;110957
2025-12-29;NO2;Husholdning;420129;631938
2025-12-29;NO2;Hytter og fritidseiendommer;79904;106625
2025-12-29;NO3;Husholdning;5884;409022
2025-12-29;NO3;Hytter og fritidseiendommer;3601;63043
2025-12-29;NO4;Husholdning;0;245302
2025-12-29;NO4;Hytter og fritidseiendommer;0;44649
2025-12-29;NO5;Husholdning;119500;259161
2025-12-29;NO5;Hytter og fritidseiendommer;32720;49288
2025-12-30;NO1;Husholdning;581369;1118801
2025-12-30;NO1;Hytter og fritidseiendommer;76678;110959
2025-12-30;NO2;Husholdning;420803;631944
2025-12-30;NO2;Hytter og fritidseiendommer;80005;106624
2025-12-30;NO3;Husholdning;6030;409021
2025-12-30;NO3;Hytter og fritidseiendommer;3665;63043
2025-12-30;NO4;Husholdning;0;245303
2025-12-30;NO4;Hytter og fritidseiendommer;0;44649
2025-12-30;NO5;Husholdning;120019;259160
2025-12-30;NO5;Hytter og fritidseiendommer;32787;49288
2025-12-31;NO1;Husholdning;582488;1118801
2025-12-31;NO1;Hytter og fritidseiendommer;76767;110960
2025-12-31;NO2;Husholdning;421369;631945
2025-12-31;NO2;Hytter og fritidseiendommer;80076;106625
2025-12-31;NO3;Husholdning;6142;409021
2025-12-31;NO3;Hytter og fritidseiendommer;3714;63043
2025-12-31;NO4;Husholdning;0;245302
2025-12-31;NO4;Hytter og fritidseiendommer;0;44648
2025-12-31;NO5;Husholdning;120491;259162
2025-12-31;NO5;Hytter og fritidseiendommer;32850;49288
2026-01-01;NO1;Husholdning;583334;1118897
2026-01-01;NO1;Hytter og fritidseiendommer;76835;110964
2026-01-01;NO2;Husholdning;421835;631984
2026-01-01;NO2;Hytter og fritidseiendommer;80126;106633
2026-01-01;NO3;Husholdning;6215;409039
2026-01-01;NO3;Hytter og fritidseiendommer;3739;63039
2026-01-01;NO4;Husholdning;0;245335
2026-01-01;NO4;Hytter og fritidseiendommer;0;44647
2026-01-01;NO5;Husholdning;120888;259188
2026-01-01;NO5;Hytter og fritidseiendommer;32892;49291
2026-01-02;NO1;Husholdning;584522;1118911
2026-01-02;NO1;Hytter og fritidseiendommer;76922;110964
2026-01-02;NO2;Husholdning;422638;631996
2026-01-02;NO2;Hytter og fritidseiendommer;80292;106634
2026-01-02;NO3;Husholdning;6348;409074
2026-01-02;NO3;Hytter og fritidseiendommer;3789;63037
2026-01-02;NO4;Husholdning;0;245376
2026-01-02;NO4;Hytter og fritidseiendommer;0;44642
2026-01-02;NO5;Husholdning;121404;259194
2026-01-02;NO5;Hytter og fritidseiendommer;32965;49289
2026-01-03;NO1;Husholdning;585457;1118918
2026-01-03;NO1;Hytter og fritidseiendommer;76982;110964
2026-01-03;NO2;Husholdning;423245;632005
2026-01-03;NO2;Hytter og fritidseiendommer;80366;106630
2026-01-03;NO3;Husholdning;6541;409080
2026-01-03;NO3;Hytter og fritidseiendommer;3861;63036
2026-01-03;NO4;Husholdning;0;245383
2026-01-03;NO4;Hytter og fritidseiendommer;0;44639
2026-01-03;NO5;Husholdning;121772;259195
2026-01-03;NO5;Hytter og fritidseiendommer;33015;49293
2026-01-04;NO1;Husholdning;586818;1118930
2026-01-04;NO1;Hytter og fritidseiendommer;77069;110963
2026-01-04;NO2;Husholdning;424031;632010
2026-01-04;NO2;Hytter og fritidseiendommer;80476;106631
2026-01-04;NO3;Husholdning;6949;409020
2026-01-04;NO3;Hytter og fritidseiendommer;4016;63015
2026-01-04;NO4;Husholdning;0;245386
2026-01-04;NO4;Hytter og fritidseiendommer;0;44636
2026-01-04;NO5;Husholdning;122361;259195
2026-01-04;NO5;Hytter og fritidseiendommer;33083;49292
2026-01-05;NO1;Husholdning;589424;1118902
2026-01-05;NO1;Hytter og fritidseiendommer;77237;110967
2026-01-05;NO2;Husholdning;425587;632036
2026-01-05;NO2;Hytter og fritidseiendommer;80656;106634
2026-01-05;NO3;Husholdning;7453;409055
2026-01-05;NO3;Hytter og fritidseiendommer;4226;63015
2026-01-05;NO4;Husholdning;0;245384
2026-01-05;NO4;Hytter og fritidseiendommer;0;44637
2026-01-05;NO5;Husholdning;123416;259201
2026-01-05;NO5;Hytter og fritidseiendommer;33236;49291
2026-01-06;NO1;Husholdning;592066;1118910
2026-01-06;NO1;Hytter og fritidseiendommer;77393;110966
2026-01-06;NO2;Husholdning;427227;632081
2026-01-06;NO2;Hytter og fritidseiendommer;80825;106636
2026-01-06;NO3;Husholdning;7793;409091
2026-01-06;NO3;Hytter og fritidseiendommer;4382;63014
2026-01-06;NO4;Husholdning;0;245390
2026-01-06;NO4;Hytter og fritidseiendommer;0;44638
2026-01-06;NO5;Husholdning;124397;259201
2026-01-06;NO5;Hytter og fritidseiendommer;33353;49292
2026-01-07;NO1;Husholdning;596007;1118927
2026-01-07;NO1;Hytter og fritidseiendommer;77635;110970
2026-01-07;NO2;Husholdning;429370;632092
2026-01-07;NO2;Hytter og fritidseiendommer;81062;106637
2026-01-07;NO3;Husholdning;8277;409112
2026-01-07;NO3;Hytter og fritidseiendommer;4553;63015
2026-01-07;NO4;Husholdning;0;245394
2026-01-07;NO4;Hytter og fritidseiendommer;0;44639
2026-01-07;NO5;Husholdning;125736;259210
2026-01-07;NO5;Hytter og fritidseiendommer;33499;49294
2026-01-08;NO1;Husholdning;599192;1118937
2026-01-08;NO1;Hytter og fritidseiendommer;77834;110975
2026-01-08;NO2;Husholdning;431172;632101
2026-01-08;NO2;Hytter og fritidseiendommer;81251;106639
2026-01-08;NO3;Husholdning;8521;409053
2026-01-08;NO3;Hytter og fritidseiendommer;4658;63005
2026-01-08;NO4;Husholdning;0;245342
2026-01-08;NO4;Hytter og fritidseiendommer;0;44636
2026-01-08;NO5;Husholdning;126812;259240
2026-01-08;NO5;Hytter og fritidseiendommer;33625;49296
2026-01-09;NO1;Husholdning;603069;1118994
2026-01-09;NO1;Hytter og fritidseiendommer;78042;110973
2026-01-09;NO2;Husholdning;432801;632122
2026-01-09;NO2;Hytter og fritidseiendommer;81416;106640
2026-01-09;NO3;Husholdning;8806;409084
2026-01-09;NO3;Hytter og fritidseiendommer;4748;63003
2026-01-09;NO4;Husholdning;0;245371
2026-01-09;NO4;Hytter og fritidseiendommer;0;44635
2026-01-09;NO5;Husholdning;128113;259250
2026-01-09;NO5;Hytter og fritidseiendommer;33765;49295
2026-01-10;NO1;Husholdning;608652;1119010
2026-01-10;NO1;Hytter og fritidseiendommer;78449;110973
2026-01-10;NO2;Husholdning;434829;632138
2026-01-10;NO2;Hytter og fritidseiendommer;81693;106637
2026-01-10;NO3;Husholdning;9266;409104
2026-01-10;NO3;Hytter og fritidseiendommer;4926;62998
2026-01-10;NO4;Husholdning;0;245399
2026-01-10;NO4;Hytter og fritidseiendommer;0;44635
2026-01-10;NO5;Husholdning;129723;259246
2026-01-10;NO5;Hytter og fritidseiendommer;33959;49294
2026-01-11;NO1;Husholdning;612610;1119018
2026-01-11;NO1;Hytter og fritidseiendommer;78683;110971
2026-01-11;NO2;Husholdning;436404;632144
2026-01-11;NO2;Hytter og fritidseiendommer;81866;106633
2026-01-11;NO3;Husholdning;9696;409113
2026-01-11;NO3;Hytter og fritidseiendommer;5061;62998
2026-01-11;NO4;Husholdning;0;245400
2026-01-11;NO4;Hytter og fritidseiendommer;0;44634
2026-01-11;NO5;Husholdning;130618;259253
2026-01-11;NO5;Hytter og fritidseiendommer;34094;49293
2026-01-12;NO1;Husholdning;615674;1119016
2026-01-12;NO1;Hytter og fritidseiendommer;78887;110972
2026-01-12;NO2;Husholdning;437776;632149
2026-01-12;NO2;Hytter og fritidseiendommer;82044;106634
2026-01-12;NO3;Husholdning;10096;409125
2026-01-12;NO3;Hytter og fritidseiendommer;5219;63000
2026-01-12;NO4;Husholdning;0;245397
2026-01-12;NO4;Hytter og fritidseiendommer;0;44642
2026-01-12;NO5;Husholdning;131311;259258
2026-01-12;NO5;Hytter og fritidseiendommer;34191;49291
2026-01-13;NO1;Husholdning;618028;1119041
2026-01-13;NO1;Hytter og fritidseiendommer;79015;110973
2026-01-13;NO2;Husholdning;438987;632193
2026-01-13;NO2;Hytter og fritidseiendommer;82171;106633
2026-01-13;NO3;Husholdning;10390;409152
2026-01-13;NO3;Hytter og fritidseiendommer;5322;63000
2026-01-13;NO4;Husholdning;0;245399
2026-01-13;NO4;Hytter og fritidseiendommer;0;44645
2026-01-13;NO5;Husholdning;131914;259260
2026-01-13;NO5;Hytter og fritidseiendommer;34269;49291
2026-01-14;NO1;Husholdning;619932;1119084
2026-01-14;NO1;Hytter og fritidseiendommer;79138;110974
2026-01-14;NO2;Husholdning;439973;632215
2026-01-14;NO2;Hytter og fritidseiendommer;82282;106634
2026-01-14;NO3;Husholdning;10713;409141
2026-01-14;NO3;Hytter og fritidseiendommer;5431;62996
2026-01-14;NO4;Husholdning;0;245400
2026-01-14;NO4;Hytter og fritidseiendommer;0;44646
2026-01-14;NO5;Husholdning;132362;259262
2026-01-14;NO5;Hytter og fritidseiendommer;34322;49295
2026-01-15;NO1;Husholdning;621370;1119133
2026-01-15;NO1;Hytter og fritidseiendommer;79236;110978
2026-01-15;NO2;Husholdning;440712;632138
2026-01-15;NO2;Hytter og fritidseiendommer;82407;106722
2026-01-15;NO3;Husholdning;11264;409173
2026-01-15;NO3;Hytter og fritidseiendommer;5594;62996
2026-01-15;NO4;Husholdning;0;245406
2026-01-15;NO4;Hytter og fritidseiendommer;0;44645
2026-01-15;NO5;Husholdning;132731;259254
2026-01-15;NO5;Hytter og fritidseiendommer;34387;49301
2026-01-16;NO1;Husholdning;622405;1119137
2026-01-16;NO1;Hytter og fritidseiendommer;79317;110980
2026-01-16;NO2;Husholdning;441265;632119
2026-01-16;NO2;Hytter og fritidseiendommer;82493;106770
2026-01-16;NO3;Husholdning;11647;409197
2026-01-16;NO3;Hytter og fritidseiendommer;5742;63002
2026-01-16;NO4;Husholdning;0;245407
2026-01-16;NO4;Hytter og fritidseiendommer;0;44640
2026-01-16;NO5;Husholdning;132993;259288
2026-01-16;NO5;Hytter og fritidseiendommer;34426;49301
2026-01-17;NO1;Husholdning;623059;1119115
2026-01-17;NO1;Hytter og fritidseiendommer;79358;110980
2026-01-17;NO2;Husholdning;441623;632112
2026-01-17;NO2;Hytter og fritidseiendommer;82530;106779
2026-01-17;NO3;Husholdning;11868;409201
2026-01-17;NO3;Hytter og fritidseiendommer;5828;62998
2026-01-17;NO4;Husholdning;0;245414
2026-01-17;NO4;Hytter og fritidseiendommer;0;44640
2026-01-17;NO5;Husholdning;133199;259274
2026-01-17;NO5;Hytter og fritidseiendommer;34446;49303
2026-01-18;NO1;Husholdning;623915;1119122
2026-01-18;NO1;Hytter og fritidseiendommer;79424;110981
2026-01-18;NO2;Husholdning;442099;632098
2026-01-18;NO2;Hytter og fritidseiendommer;82595;106798
2026-01-18;NO3;Husholdning;12281;409207
2026-01-18;NO3;Hytter og fritidseiendommer;5973;62995
2026-01-18;NO4;Husholdning;0;245420
2026-01-18;NO4;Hytter og fritidseiendommer;0;44636
2026-01-18;NO5;Husholdning;133477;259275
2026-01-18;NO5;Hytter og fritidseiendommer;34483;49303
2026-01-19;NO1;Husholdning;624994;1119141
2026-01-19;NO1;Hytter og fritidseiendommer;79506;110984
2026-01-19;NO2;Husholdning;442624;632113
2026-01-19;NO2;Hytter og fritidseiendommer;82651;106799
2026-01-19;NO3;Husholdning;12896;409209
2026-01-19;NO3;Hytter og fritidseiendommer;6184;62993
2026-01-19;NO4;Husholdning;0;245419
2026-01-19;NO4;Hytter og fritidseiendommer;0;44637
2026-01-19;NO5;Husholdning;133811;259281
2026-01-19;NO5;Hytter og fritidseiendommer;34540;49303
2026-01-20;NO1;Husholdning;625978;1119182
2026-01-20;NO1;Hytter og fritidseiendommer;79586;110987
2026-01-20;NO2;Husholdning;443117;632143
2026-01-20;NO2;Hytter og fritidseiendommer;82698;106796
2026-01-20;NO3;Husholdning;13560;409217
2026-01-20;NO3;Hytter og fritidseiendommer;6402;62994
2026-01-20;NO4;Husholdning;0;245418
2026-01-20;NO4;Hytter og fritidseiendommer;0;44638
2026-01-20;NO5;Husholdning;134149;259290
2026-01-20;NO5;Hytter og fritidseiendommer;34575;49305
2026-01-21;NO1;Husholdning;626861;1119236
2026-01-21;NO1;Hytter og fritidseiendommer;79643;110987
2026-01-21;NO2;Husholdning;443748;632150
2026-01-21;NO2;Hytter og fritidseiendommer;82759;106799
2026-01-21;NO3;Husholdning;13983;409228
2026-01-21;NO3;Hytter og fritidseiendommer;6516;62995
2026-01-21;NO4;Husholdning;0;245423
2026-01-21;NO4;Hytter og fritidseiendommer;0;44637
2026-01-21;NO5;Husholdning;134415;259297
2026-01-21;NO5;Hytter og fritidseiendommer;34622;49306
2026-01-22;NO1;Husholdning;626274;1116577
2026-01-22;NO1;Hytter og fritidseiendommer;79531;110502
2026-01-22;NO2;Husholdning;442532;629384
2026-01-22;NO2;Hytter og fritidseiendommer;82521;106285
2026-01-22;NO3;Husholdning;14287;408086
2026-01-22;NO3;Hytter og fritidseiendommer;6634;62690
2026-01-22;NO4;Husholdning;0;244570
2026-01-22;NO4;Hytter og fritidseiendommer;0;44171
2026-01-22;NO5;Husholdning;134319;258238
2026-01-22;NO5;Hytter og fritidseiendommer;34563;49028
2026-01-23;NO1;Husholdning;626891;1116606
2026-01-23;NO1;Hytter og fritidseiendommer;79563;110505
2026-01-23;NO2;Husholdning;442992;629395
2026-01-23;NO2;Hytter og fritidseiendommer;82578;106298
2026-01-23;NO3;Husholdning;14568;408097
2026-01-23;NO3;Hytter og fritidseiendommer;6734;62687
2026-01-23;NO4;Husholdning;0;244571
2026-01-23;NO4;Hytter og fritidseiendommer;0;44165
2026-01-23;NO5;Husholdning;134522;258243
2026-01-23;NO5;Hytter og fritidseiendommer;34590;49033
2026-01-24;NO1;Husholdning;627366;1116606
2026-01-24;NO1;Hytter og fritidseiendommer;79602;110505
2026-01-24;NO2;Husholdning;443259;629387
2026-01-24;NO2;Hytter og fritidseiendommer;82607;106298
2026-01-24;NO3;Husholdning;14732;408098
2026-01-24;NO3;Hytter og fritidseiendommer;6808;62687
2026-01-24;NO4;Husholdning;0;244570
2026-01-24;NO4;Hytter og fritidseiendommer;0;44164
2026-01-24;NO5;Husholdning;134668;258241
2026-01-24;NO5;Hytter og fritidseiendommer;34611;49033
